{
  "mean_rank": 1398.922480620155,
  "hits@k": {
    "1": 0.009302325581395349,
    "3": 0.03798449612403101,
    "5": 0.04806201550387597,
    "10": 0.06124031007751938
  }
}