{
  "mean_rank": 1794.1345657781599,
  "hits@k": {
    "1": 0.06276870163370593,
    "3": 0.12295786758383491,
    "5": 0.15004299226139295,
    "10": 0.18529664660361134
  }
}