{
  "mean_rank": 14.583786724700762,
  "hits@k": {
    "1": 0.04842219804134929,
    "3": 0.12704026115342765,
    "5": 0.1955930359085963,
    "10": 0.352557127312296
  }
}