{
  "mean_rank": 1917.635195035461,
  "hits@k": {
    "1": 0.03324468085106383,
    "3": 0.08599290780141844,
    "5": 0.10948581560283688,
    "10": 0.1453900709219858
  }
}