{
  "mean_rank": 2568.0709539629806,
  "hits@k": {
    "1": 0.03274798291409587,
    "3": 0.06715709539629805,
    "5": 0.08234456573327005,
    "10": 0.10275272899857618
  }
}