{
  "mean_rank": 14.641730141458106,
  "hits@k": {
    "1": 0.04515778019586507,
    "3": 0.12078346028291621,
    "5": 0.19613710554951033,
    "10": 0.3604461371055495
  }
}