{
  "mean_rank": 2551.5195331110053,
  "hits@k": {
    "1": 0.027155788470700333,
    "3": 0.06812767984754645,
    "5": 0.08170557408289662,
    "10": 0.10362077179609337
  }
}