{
  "mean_rank": 23.08488805970149,
  "hits@k": {
    "1": 0.029850746268656716,
    "3": 0.0708955223880597,
    "5": 0.11318407960199005,
    "10": 0.23694029850746268
  }
}