{
  "mean_rank": 1841.196365248227,
  "hits@k": {
    "1": 0.0350177304964539,
    "3": 0.07535460992907801,
    "5": 0.10328014184397163,
    "10": 0.1351950354609929
  }
}