{
  "mean_rank": 7.259671179883946,
  "hits@k": {
    "1": 0.08438104448742746,
    "3": 0.23887814313346228,
    "5": 0.370889748549323,
    "10": 0.6847195357833655
  }
}