{
  "mean_rank": 1289.8852713178294,
  "hits@k": {
    "1": 0.027131782945736434,
    "3": 0.06279069767441861,
    "5": 0.07596899224806201,
    "10": 0.1
  }
}