{
  "mean_rank": 2240.4331641285958,
  "hits@k": {
    "1": 0.03807106598984772,
    "3": 0.06831641285956007,
    "5": 0.08439086294416244,
    "10": 0.108502538071066
  }
}