{
  "mean_rank": 2316.2975888324872,
  "hits@k": {
    "1": 0.03426395939086294,
    "3": 0.06895093062605753,
    "5": 0.08417935702199661,
    "10": 0.11188663282571912
  }
}