{
  "mean_rank": 2539.1602836879433,
  "hits@k": {
    "1": 0.024113475177304965,
    "3": 0.06217494089834515,
    "5": 0.07943262411347518,
    "10": 0.1016548463356974
  }
}