{
  "mean_rank": 14.335690968443961,
  "hits@k": {
    "1": 0.03781284004352557,
    "3": 0.1221436343852013,
    "5": 0.19042437431991294,
    "10": 0.367247007616975
  }
}