Comparision	eng'),)	fra'),)	spa'),)	rus'),)
cluster-0	0.3780487804878049	0.35714285714285715	0.5833333333333334	0.0
cluster-1	0.21951219512195122	0.2571428571428571	0.25	0.0
cluster-2	0.4024390243902439	0.38571428571428573	0.16666666666666666	1.0
pop_stand	1.0	1.0	1.0	1.0
