{
  "mean_rank": 14.395810663764962,
  "hits@k": {
    "1": 0.041621327529923834,
    "3": 0.12731229597388466,
    "5": 0.19613710554951033,
    "10": 0.35826985854189336
  }
}