{
  "mean_rank": 14.362894450489662,
  "hits@k": {
    "1": 0.051958650707290534,
    "3": 0.1338411316648531,
    "5": 0.2045701849836779,
    "10": 0.36860718171926005
  }
}